[
  {
    "timestamp": "2025-04-04 01:59:33",
    "ssn": "738-28-8532",
    "result": "Invalid"
  },
  {
    "timestamp": "2025-04-04 02:02:56",
    "ssn": "732-76-6663",
    "result": "Invalid"
  },
  {
    "timestamp": "2025-04-04 02:07:23",
    "ssn": "828-52-4336",
    "result": "Invalid"
  },
  {
    "timestamp": "2025-04-04 02:18:07",
    "ssn": "678-99-7290",
    "result": "Invalid"
  },
  {
    "timestamp": "2025-04-04 02:18:16",
    "ssn": "972-12-5557",
    "result": "Invalid"
  },
  {
    "timestamp": "2025-04-04 02:24:22",
    "ssn": "719-56-7032",
    "result": "Invalid"
  },
  {
    "timestamp": "2025-04-04 02:33:25",
    "ssn": "814-24-6100",
    "result": "Valid"
  },
  {
    "timestamp": "2025-04-04 02:33:34",
    "ssn": "874-60-1639",
    "result": "Valid"
  },
  {
    "timestamp": "2025-04-04 02:33:49",
    "ssn": "874-70-3449",
    "result": "Invalid"
  },
  {
    "timestamp": "2025-04-04 02:33:56",
    "ssn": "795-88-4051",
    "result": "Invalid"
  },
  {
    "timestamp": "2025-04-04 02:34:22",
    "ssn": "796-35-3348",
    "result": "Invalid"
  },
  {
    "timestamp": "2025-04-04 02:34:28",
    "ssn": "887-64-4751",
    "result": "Invalid"
  },
  {
    "timestamp": "2025-04-04 02:34:33",
    "ssn": "781-04-1364",
    "result": "Invalid"
  },
  {
    "timestamp": "2025-04-04 02:34:38",
    "ssn": "861-32-3292",
    "result": "Invalid"
  },
  {
    "timestamp": "2025-04-04 02:34:45",
    "ssn": "826-54-9679",
    "result": "Invalid"
  },
  {
    "timestamp": "2025-04-04 02:34:49",
    "ssn": "870-19-6473",
    "result": "Valid"
  },
  {
    "timestamp": "2025-04-04 02:36:02",
    "ssn": "834-68-8366",
    "result": "Invalid"
  },
  {
    "timestamp": "2025-04-04 02:39:58",
    "ssn": "843-09-0593",
    "result": "Invalid"
  },
  {
    "timestamp": "2025-04-04 02:40:21",
    "ssn": "769-99-9702",
    "result": "Valid"
  },
  {
    "timestamp": "2025-04-04 02:41:52",
    "ssn": "707-53-2297",
    "result": "Invalid"
  },
  {
    "timestamp": "2025-04-04 02:43:09",
    "ssn": "795-29-5828",
    "result": "Valid"
  },
  {
    "timestamp": "2025-04-04 02:49:20",
    "ssn": "818-63-6125",
    "result": "Valid"
  },
  {
    "timestamp": "2025-04-04 02:49:27",
    "ssn": "711-64-2738",
    "result": "Valid"
  },
  {
    "timestamp": "2025-04-04 02:56:29",
    "ssn": "757-95-0502",
    "result": "Valid"
  },
  {
    "timestamp": "2025-04-04 02:59:59",
    "ssn": "686-08-9146",
    "result": "Invalid"
  },
  {
    "timestamp": "2025-04-04 03:08:27",
    "ssn": "673-47-5839",
    "result": "Valid"
  },
  {
    "timestamp": "2025-04-04 03:19:08",
    "ssn": "773-55-7450",
    "result": "Valid"
  },
  {
    "timestamp": "2025-04-04 03:23:30",
    "ssn": "833-77-2750",
    "result": "Invalid"
  },
  {
    "timestamp": "2025-04-04 03:23:51",
    "ssn": "804-51-0088",
    "result": "Invalid"
  },
  {
    "timestamp": "2025-04-04 03:24:24",
    "ssn": "790-62-3395",
    "result": "Invalid"
  },
  {
    "timestamp": "2025-04-04 03:24:39",
    "ssn": "691-07-7791",
    "result": "Invalid"
  },
  {
    "timestamp": "2025-04-04 03:25:00",
    "ssn": "812-43-0252",
    "result": "Invalid"
  },
  {
    "timestamp": "2025-04-04 03:25:14",
    "ssn": "691-07-7791",
    "result": "Invalid"
  },
  {
    "timestamp": "2025-04-04 03:27:22",
    "ssn": "868-60-3861",
    "result": "Invalid"
  },
  {
    "timestamp": "2025-04-04 03:27:37",
    "ssn": "972-12-5557",
    "result": "Invalid"
  },
  {
    "timestamp": "2025-04-04 03:32:18",
    "ssn": "804-20-2148",
    "result": "Invalid"
  },
  {
    "timestamp": "2025-04-04 03:41:59",
    "ssn": "675-72-0118",
    "result": "Invalid"
  },
  {
    "timestamp": "2025-04-04 03:42:08",
    "ssn": "867-44-8575",
    "result": "Valid"
  },
  {
    "timestamp": "2025-04-04 03:42:14",
    "ssn": "771-81-7708",
    "result": "Valid"
  },
  {
    "timestamp": "2025-04-04 03:42:38",
    "ssn": "795-34-0983",
    "result": "Invalid"
  },
  {
    "timestamp": "2025-04-04 03:42:53",
    "ssn": "995-85-3362",
    "result": "Invalid"
  },
  {
    "timestamp": "2025-04-04 03:50:39",
    "ssn": "833-19-1229",
    "result": "Valid"
  },
  {
    "timestamp": "2025-04-04 03:54:06",
    "ssn": "731-07-1102",
    "result": "Valid"
  },
  {
    "timestamp": "2025-04-04 03:54:11",
    "ssn": "691-20-9938",
    "result": "Invalid"
  },
  {
    "timestamp": "2025-04-04 04:09:44",
    "ssn": "715-92-5103",
    "result": "Valid"
  },
  {
    "timestamp": "2025-04-04 04:09:51",
    "ssn": "858-35-4821",
    "result": "Invalid"
  },
  {
    "timestamp": "2025-04-04 04:09:57",
    "ssn": "881-84-1448",
    "result": "Valid"
  },
  {
    "timestamp": "2025-04-04 04:10:09",
    "ssn": "679-20-7691",
    "result": "Valid"
  },
  {
    "timestamp": "2025-04-04 04:11:56",
    "ssn": "872-13-3196",
    "result": "Invalid"
  },
  {
    "timestamp": "2025-04-04 04:12:27",
    "ssn": "742-21-0892",
    "result": "Invalid"
  },
  {
    "timestamp": "2025-04-04 04:12:51",
    "ssn": "883-78-7694",
    "result": "Valid"
  },
  {
    "timestamp": "2025-04-04 04:19:53",
    "ssn": "858-25-0150",
    "result": "Invalid"
  },
  {
    "timestamp": "2025-04-04 04:20:16",
    "ssn": "690-96-0956",
    "result": "Valid"
  },
  {
    "timestamp": "2025-04-04 04:23:08",
    "ssn": "712-22-1174",
    "result": "Invalid"
  },
  {
    "timestamp": "2025-04-04 04:23:12",
    "ssn": "801-46-8755",
    "result": "Valid"
  },
  {
    "timestamp": "2025-04-04 04:23:49",
    "ssn": "861-43-5898",
    "result": "Invalid"
  },
  {
    "timestamp": "2025-04-04 04:23:54",
    "ssn": "721-13-6668",
    "result": "Invalid"
  },
  {
    "timestamp": "2025-04-04 04:23:59",
    "ssn": "738-25-5845",
    "result": "Invalid"
  },
  {
    "timestamp": "2025-04-04 04:24:04",
    "ssn": "894-61-2333",
    "result": "Invalid"
  },
  {
    "timestamp": "2025-04-04 04:24:11",
    "ssn": "762-26-9978",
    "result": "Valid"
  },
  {
    "timestamp": "2025-04-04 04:24:45",
    "ssn": "827-97-3798",
    "result": "Invalid"
  },
  {
    "timestamp": "2025-04-04 04:24:50",
    "ssn": "724-17-1068",
    "result": "Valid"
  },
  {
    "timestamp": "2025-04-04 04:25:26",
    "ssn": "840-67-8457",
    "result": "Valid"
  },
  {
    "timestamp": "2025-04-04 04:25:47",
    "ssn": "827-92-2215",
    "result": "Invalid"
  },
  {
    "timestamp": "2025-04-04 04:26:00",
    "ssn": "859-93-8762",
    "result": "Valid"
  },
  {
    "timestamp": "2025-04-04 08:45:02",
    "ssn": "785-07-5140",
    "result": "Invalid"
  },
  {
    "timestamp": "2025-04-04 08:45:38",
    "ssn": "856-03-7023",
    "result": "Invalid"
  },
  {
    "timestamp": "2025-04-04 08:45:51",
    "ssn": "766-63-6571",
    "result": "Invalid"
  },
  {
    "timestamp": "2025-04-04 08:45:59",
    "ssn": "684-76-4658",
    "result": "Invalid"
  },
  {
    "timestamp": "2025-04-04 08:46:06",
    "ssn": "667-08-8504",
    "result": "Invalid"
  },
  {
    "timestamp": "2025-04-04 08:46:09",
    "ssn": "856-32-7181",
    "result": "Invalid"
  },
  {
    "timestamp": "2025-04-04 08:47:22",
    "ssn": "565-93-4330",
    "result": "Valid"
  },
  {
    "timestamp": "2025-04-04 08:49:02",
    "ssn": "822-38-9376",
    "result": "Valid"
  },
  {
    "timestamp": "2025-04-04 08:49:11",
    "ssn": "767-29-3617",
    "result": "Invalid"
  },
  {
    "timestamp": "2025-04-04 08:49:21",
    "ssn": "760-22-2557",
    "result": "Valid"
  },
  {
    "timestamp": "2025-04-04 08:58:07",
    "ssn": "777-95-3692",
    "result": "Invalid"
  },
  {
    "timestamp": "2025-04-04 08:58:16",
    "ssn": "758-25-0940",
    "result": "Valid"
  },
  {
    "timestamp": "2025-04-04 08:58:26",
    "ssn": "769-33-8521",
    "result": "Valid"
  },
  {
    "timestamp": "2025-04-04 08:58:33",
    "ssn": "850-97-3784",
    "result": "Invalid"
  },
  {
    "timestamp": "2025-04-04 08:58:55",
    "ssn": "879-16-2442",
    "result": "Invalid"
  },
  {
    "timestamp": "2025-04-04 08:59:07",
    "ssn": "703-54-7967",
    "result": "Invalid"
  },
  {
    "timestamp": "2025-04-04 08:59:18",
    "ssn": "872-53-3225",
    "result": "Valid"
  },
  {
    "timestamp": "2025-04-04 09:03:44",
    "ssn": "788-96-9237",
    "result": "Invalid"
  },
  {
    "timestamp": "2025-04-04 09:05:14",
    "ssn": "850-28-4917",
    "result": "Valid"
  },
  {
    "timestamp": "2025-04-04 09:05:21",
    "ssn": "667-90-2715",
    "result": "Invalid"
  },
  {
    "timestamp": "2025-04-04 09:05:28",
    "ssn": "856-24-7654",
    "result": "Invalid"
  },
  {
    "timestamp": "2025-04-04 09:05:39",
    "ssn": "757-69-7473",
    "result": "Invalid"
  },
  {
    "timestamp": "2025-04-04 09:06:14",
    "ssn": "751-63-2690",
    "result": "Invalid"
  },
  {
    "timestamp": "2025-04-04 09:06:25",
    "ssn": "761-13-2816",
    "result": "Invalid"
  },
  {
    "timestamp": "2025-04-04 09:06:33",
    "ssn": "874-86-9541",
    "result": "Valid"
  },
  {
    "timestamp": "2025-04-04 09:06:41",
    "ssn": "884-30-8163",
    "result": "Valid"
  },
  {
    "timestamp": "2025-04-04 09:15:18",
    "ssn": "820-56-2984",
    "result": "Invalid"
  },
  {
    "timestamp": "2025-04-04 09:19:07",
    "ssn": "830-71-3701",
    "result": "Invalid"
  },
  {
    "timestamp": "2025-04-04 09:23:39",
    "ssn": "854-71-0640",
    "result": "Invalid"
  },
  {
    "timestamp": "2025-04-04 09:23:49",
    "ssn": "886-76-2672",
    "result": "Invalid"
  },
  {
    "timestamp": "2025-04-04 09:23:59",
    "ssn": "794-95-8175",
    "result": "Invalid"
  },
  {
    "timestamp": "2025-04-04 09:24:10",
    "ssn": "704-18-8223",
    "result": "Invalid"
  },
  {
    "timestamp": "2025-04-04 09:24:34",
    "ssn": "751-82-8205",
    "result": "Invalid"
  },
  {
    "timestamp": "2025-04-04 09:28:01",
    "ssn": "748-39-4413",
    "result": "Valid"
  },
  {
    "timestamp": "2025-04-04 09:28:13",
    "ssn": "675-17-3190",
    "result": "Valid"
  },
  {
    "timestamp": "2025-04-04 09:28:19",
    "ssn": "692-45-5705",
    "result": "Valid"
  },
  {
    "timestamp": "2025-04-04 09:28:24",
    "ssn": "691-95-0187",
    "result": "Valid"
  },
  {
    "timestamp": "2025-04-04 09:28:34",
    "ssn": "797-88-2267",
    "result": "Invalid"
  },
  {
    "timestamp": "2025-04-04 09:28:43",
    "ssn": "671-21-3166",
    "result": "Valid"
  },
  {
    "timestamp": "2025-04-04 09:29:40",
    "ssn": "845-65-8408",
    "result": "Invalid"
  },
  {
    "timestamp": "2025-04-04 09:30:03",
    "ssn": "565-93-3717",
    "result": "Valid"
  },
  {
    "timestamp": "2025-04-04 09:37:59",
    "ssn": "565-93-4330",
    "result": "Valid"
  },
  {
    "timestamp": "2025-04-04 09:44:21",
    "ssn": "565-93-0719",
    "result": "Valid"
  },
  {
    "timestamp": "2025-04-04 09:44:51",
    "ssn": "873-73-0649",
    "result": "Invalid"
  },
  {
    "timestamp": "2025-04-04 09:45:41",
    "ssn": "769-14-8667",
    "result": "Invalid"
  },
  {
    "timestamp": "2025-04-04 09:45:50",
    "ssn": "796-96-5572",
    "result": "Valid"
  },
  {
    "timestamp": "2025-04-04 09:45:59",
    "ssn": "894-53-9646",
    "result": "Invalid"
  },
  {
    "timestamp": "2025-04-04 09:46:07",
    "ssn": "838-67-2018",
    "result": "Invalid"
  },
  {
    "timestamp": "2025-04-04 10:06:44",
    "ssn": "819-20-4381",
    "result": "Invalid"
  },
  {
    "timestamp": "2025-04-04 10:06:57",
    "ssn": "565-93-4330",
    "result": "Valid"
  },
  {
    "timestamp": "2025-04-04 10:07:08",
    "ssn": "878-24-1558",
    "result": "Valid"
  },
  {
    "timestamp": "2025-04-04 10:21:32",
    "ssn": "687-81-2637",
    "result": "Invalid"
  },
  {
    "timestamp": "2025-04-04 11:09:31",
    "ssn": "671-94-4267",
    "result": "Invalid"
  },
  {
    "timestamp": "2025-04-04 11:09:53",
    "ssn": "796-85-9907",
    "result": "Valid"
  },
  {
    "timestamp": "2025-04-04 12:35:02",
    "ssn": "781-18-3637",
    "result": "Invalid"
  },
  {
    "timestamp": "2025-04-04 12:35:14",
    "ssn": "565-93-4330",
    "result": "Valid"
  },
  {
    "timestamp": "2025-04-04 12:54:54",
    "ssn": "734-61-9365",
    "result": "Valid"
  },
  {
    "timestamp": "2025-04-04 12:55:01",
    "ssn": "565-93-4330",
    "result": "Valid"
  },
  {
    "timestamp": "2025-04-04 12:55:09",
    "ssn": "819-60-3034",
    "result": "Invalid"
  },
  {
    "timestamp": "2025-04-04 13:19:12",
    "ssn": "768-65-8513",
    "result": "Invalid"
  },
  {
    "timestamp": "2025-04-04 13:19:22",
    "ssn": "565-93-3717",
    "result": "Valid"
  },
  {
    "timestamp": "2025-04-04 13:19:29",
    "ssn": "879-21-6614",
    "result": "Invalid"
  },
  {
    "timestamp": "2025-04-04 13:22:08",
    "ssn": "766-74-9913",
    "result": "Valid"
  },
  {
    "timestamp": "2025-04-04 13:22:18",
    "ssn": "565-93-4330",
    "result": "Valid"
  },
  {
    "timestamp": "2025-04-04 13:42:00",
    "ssn": "693-88-0304",
    "result": "Invalid"
  },
  {
    "timestamp": "2025-04-04 13:42:10",
    "ssn": "789-94-4490",
    "result": "Valid"
  },
  {
    "timestamp": "2025-04-04 14:11:37",
    "ssn": "565-93-4330",
    "result": "Valid"
  },
  {
    "timestamp": "2025-04-04 14:11:44",
    "ssn": "878-50-3533",
    "result": "Invalid"
  },
  {
    "timestamp": "2025-04-04 17:20:47",
    "ssn": "898-04-4958",
    "result": "Valid"
  },
  {
    "timestamp": "2025-04-04 17:26:36",
    "ssn": "745-31-8052",
    "result": "Invalid"
  },
  {
    "timestamp": "2025-04-04 17:27:04",
    "ssn": "733-19-7765",
    "result": "Invalid"
  },
  {
    "timestamp": "2025-04-04 17:27:48",
    "ssn": "742-21-4535",
    "result": "Invalid"
  },
  {
    "timestamp": "2025-04-04 17:52:17",
    "ssn": "833-52-8105",
    "result": "Invalid"
  },
  {
    "timestamp": "2025-04-04 17:52:27",
    "ssn": "565-93-5083",
    "result": "Valid"
  },
  {
    "timestamp": "2025-04-04 17:52:32",
    "ssn": "808-56-4811",
    "result": "Valid"
  },
  {
    "timestamp": "2025-04-05 02:03:56",
    "ssn": "847-37-3803",
    "result": "Invalid"
  },
  {
    "timestamp": "2025-04-05 02:04:05",
    "ssn": "863-47-2292",
    "result": "Valid"
  },
  {
    "timestamp": "2025-04-05 02:04:12",
    "ssn": "712-54-3528",
    "result": "Invalid"
  },
  {
    "timestamp": "2025-04-05 02:36:41",
    "ssn": "845-88-8265",
    "result": "Invalid"
  },
  {
    "timestamp": "2025-04-05 02:36:48",
    "ssn": "703-51-4286",
    "result": "Invalid"
  },
  {
    "timestamp": "2025-04-05 02:45:37",
    "ssn": "711-87-8501",
    "result": "Invalid"
  },
  {
    "timestamp": "2025-04-05 02:45:47",
    "ssn": "565-93-4330",
    "result": "Valid"
  },
  {
    "timestamp": "2025-04-05 02:45:52",
    "ssn": "709-04-6442",
    "result": "Valid"
  },
  {
    "timestamp": "2025-04-05 02:57:43",
    "ssn": "780-32-6681",
    "result": "Invalid"
  },
  {
    "timestamp": "2025-04-05 02:57:53",
    "ssn": "565-93-4330",
    "result": "Valid"
  },
  {
    "timestamp": "2025-04-05 03:40:55",
    "ssn": "819-36-4636",
    "result": "Invalid"
  },
  {
    "timestamp": "2025-04-05 03:41:15",
    "ssn": "887-58-4414",
    "result": "Invalid"
  },
  {
    "timestamp": "2025-04-05 03:41:24",
    "ssn": "565-93-4330",
    "result": "Valid"
  },
  {
    "timestamp": "2025-04-05 03:58:52",
    "ssn": "696-55-8653",
    "result": "Invalid"
  },
  {
    "timestamp": "2025-04-05 04:06:33",
    "ssn": "806-56-5427",
    "result": "Invalid"
  },
  {
    "timestamp": "2025-04-05 04:06:43",
    "ssn": "565-93-4330",
    "result": "Valid"
  },
  {
    "timestamp": "2025-04-05 04:07:53",
    "ssn": "786-09-7660",
    "result": "Invalid"
  },
  {
    "timestamp": "2025-04-05 04:38:55",
    "ssn": "682-84-7704",
    "result": "Invalid"
  },
  {
    "timestamp": "2025-04-05 05:25:00",
    "ssn": "791-83-2056",
    "result": "Invalid"
  },
  {
    "timestamp": "2025-04-05 05:25:09",
    "ssn": "565-93-4330",
    "result": "Valid"
  },
  {
    "timestamp": "2025-04-05 05:36:14",
    "ssn": "693-57-6593",
    "result": "Invalid"
  },
  {
    "timestamp": "2025-04-05 05:45:33",
    "ssn": "881-58-6045",
    "result": "Invalid"
  },
  {
    "timestamp": "2025-04-05 05:49:32",
    "ssn": "759-62-0645",
    "result": "Invalid"
  },
  {
    "timestamp": "2025-04-05 05:49:43",
    "ssn": "565-93-3717",
    "result": "Valid"
  },
  {
    "timestamp": "2025-04-05 06:16:55",
    "ssn": "706-45-0273",
    "result": "Invalid"
  },
  {
    "timestamp": "2025-04-05 06:43:10",
    "ssn": "894-77-0739",
    "result": "Invalid"
  },
  {
    "timestamp": "2025-04-05 06:43:21",
    "ssn": "565-93-3717",
    "result": "Valid"
  },
  {
    "timestamp": "2025-04-05 07:17:03",
    "ssn": "778-75-1379",
    "result": "Invalid"
  },
  {
    "timestamp": "2025-04-05 07:17:13",
    "ssn": "565-93-4330",
    "result": "Valid"
  },
  {
    "timestamp": "2025-04-05 07:24:19",
    "ssn": "836-18-5090",
    "result": "Invalid"
  },
  {
    "timestamp": "2025-04-05 10:59:18",
    "ssn": "738-58-3026",
    "result": "Invalid"
  },
  {
    "timestamp": "2025-04-05 10:59:30",
    "ssn": "565-93-4330",
    "result": "Valid"
  },
  {
    "timestamp": "2025-04-05 11:07:47",
    "ssn": "738-80-0924",
    "result": "Invalid"
  },
  {
    "timestamp": "2025-04-05 12:06:44",
    "ssn": "829-53-5732",
    "result": "Invalid"
  },
  {
    "timestamp": "2025-04-05 13:22:00",
    "ssn": "883-40-5082",
    "result": "Invalid"
  },
  {
    "timestamp": "2025-04-05 13:22:12",
    "ssn": "565-93-3717",
    "result": "Valid"
  },
  {
    "timestamp": "2025-04-05 13:57:36",
    "ssn": "869-88-0641",
    "result": "Valid"
  },
  {
    "timestamp": "2025-04-05 15:14:47",
    "ssn": "836-23-8420",
    "result": "Valid"
  },
  {
    "timestamp": "2025-04-05 15:42:08",
    "ssn": "883-89-4329",
    "result": "Invalid"
  },
  {
    "timestamp": "2025-04-05 15:42:18",
    "ssn": "565-93-3717",
    "result": "Valid"
  },
  {
    "timestamp": "2025-04-05 16:19:06",
    "ssn": "771-39-5220",
    "result": "Valid"
  },
  {
    "timestamp": "2025-04-05 16:31:42",
    "ssn": "684-96-5731",
    "result": "Valid"
  },
  {
    "timestamp": "2025-04-05 16:33:44",
    "ssn": "833-76-8723",
    "result": "Invalid"
  },
  {
    "timestamp": "2025-04-05 16:41:44",
    "ssn": "775-99-7324",
    "result": "Valid"
  },
  {
    "timestamp": "2025-04-05 17:23:19",
    "ssn": "859-69-8060",
    "result": "Valid"
  },
  {
    "timestamp": "2025-04-05 18:03:21",
    "ssn": "832-03-5047",
    "result": "Valid"
  },
  {
    "timestamp": "2025-04-05 18:13:51",
    "ssn": "676-61-5442",
    "result": "Valid"
  },
  {
    "timestamp": "2025-04-05 19:49:40",
    "ssn": "886-99-0625",
    "result": "Invalid"
  },
  {
    "timestamp": "2025-04-05 20:04:13",
    "ssn": "680-18-2175",
    "result": "Invalid"
  },
  {
    "timestamp": "2025-04-05 20:13:49",
    "ssn": "887-06-9326",
    "result": "Invalid"
  },
  {
    "timestamp": "2025-04-05 20:27:09",
    "ssn": "892-13-7131",
    "result": "Valid"
  },
  {
    "timestamp": "2025-04-05 20:39:42",
    "ssn": "745-64-2537",
    "result": "Invalid"
  },
  {
    "timestamp": "2025-04-05 20:55:41",
    "ssn": "760-21-5757",
    "result": "Invalid"
  },
  {
    "timestamp": "2025-04-05 21:07:18",
    "ssn": "791-21-5882",
    "result": "Valid"
  },
  {
    "timestamp": "2025-04-05 21:23:53",
    "ssn": "724-62-6794",
    "result": "Valid"
  },
  {
    "timestamp": "2025-04-05 21:38:02",
    "ssn": "814-68-7255",
    "result": "Valid"
  },
  {
    "timestamp": "2025-04-05 21:45:10",
    "ssn": "743-15-5985",
    "result": "Invalid"
  },
  {
    "timestamp": "2025-04-05 22:19:17",
    "ssn": "760-73-4348",
    "result": "Valid"
  },
  {
    "timestamp": "2025-04-05 22:26:28",
    "ssn": "698-19-5855",
    "result": "Valid"
  },
  {
    "timestamp": "2025-04-05 22:33:34",
    "ssn": "749-17-4434",
    "result": "Invalid"
  },
  {
    "timestamp": "2025-04-05 22:40:40",
    "ssn": "838-24-8915",
    "result": "Valid"
  },
  {
    "timestamp": "2025-04-05 22:55:21",
    "ssn": "891-49-9204",
    "result": "Invalid"
  },
  {
    "timestamp": "2025-04-05 23:02:25",
    "ssn": "731-97-9552",
    "result": "Valid"
  },
  {
    "timestamp": "2025-04-05 23:42:06",
    "ssn": "680-98-9119",
    "result": "Invalid"
  },
  {
    "timestamp": "2025-04-05 23:49:13",
    "ssn": "681-78-6918",
    "result": "Invalid"
  },
  {
    "timestamp": "2025-04-05 23:56:23",
    "ssn": "876-70-4658",
    "result": "Invalid"
  },
  {
    "timestamp": "2025-04-06 00:07:09",
    "ssn": "679-59-0164",
    "result": "Valid"
  },
  {
    "timestamp": "2025-04-06 00:15:58",
    "ssn": "714-78-6004",
    "result": "Invalid"
  },
  {
    "timestamp": "2025-04-06 00:23:07",
    "ssn": "874-94-4792",
    "result": "Valid"
  },
  {
    "timestamp": "2025-04-06 00:45:47",
    "ssn": "884-36-9693",
    "result": "Valid"
  },
  {
    "timestamp": "2025-04-06 01:00:07",
    "ssn": "778-55-7030",
    "result": "Invalid"
  },
  {
    "timestamp": "2025-04-06 01:07:19",
    "ssn": "707-72-6272",
    "result": "Invalid"
  },
  {
    "timestamp": "2025-04-06 01:14:32",
    "ssn": "894-20-1069",
    "result": "Valid"
  },
  {
    "timestamp": "2025-04-06 01:26:26",
    "ssn": "678-09-4768",
    "result": "Invalid"
  },
  {
    "timestamp": "2025-04-06 01:33:31",
    "ssn": "854-71-3129",
    "result": "Valid"
  },
  {
    "timestamp": "2025-04-06 01:46:25",
    "ssn": "697-90-2182",
    "result": "Valid"
  },
  {
    "timestamp": "2025-04-06 08:19:33",
    "ssn": "863-68-4785",
    "result": "Invalid"
  },
  {
    "timestamp": "2025-04-06 08:19:40",
    "ssn": "565-93-0719",
    "result": "Valid"
  },
  {
    "timestamp": "2025-04-06 08:46:28",
    "ssn": "565-93-4330",
    "result": "Valid"
  },
  {
    "timestamp": "2025-04-06 08:51:53",
    "ssn": "789-59-8637",
    "result": "Invalid"
  },
  {
    "timestamp": "2025-04-06 08:52:09",
    "ssn": "565-93-4330",
    "result": "Valid"
  },
  {
    "timestamp": "2025-04-06 09:26:22",
    "ssn": "734-41-3436",
    "result": "Invalid"
  },
  {
    "timestamp": "2025-04-06 09:27:02",
    "ssn": "701-78-1026",
    "result": "Invalid"
  },
  {
    "timestamp": "2025-04-06 09:57:45",
    "ssn": "881-66-4576",
    "result": "Invalid"
  },
  {
    "timestamp": "2025-04-06 10:10:44",
    "ssn": "786-66-6733",
    "result": "Invalid"
  },
  {
    "timestamp": "2025-04-06 10:16:23",
    "ssn": "820-98-6935",
    "result": "Invalid"
  },
  {
    "timestamp": "2025-04-06 10:16:36",
    "ssn": "565-93-0719",
    "result": "Valid"
  },
  {
    "timestamp": "2025-04-06 10:23:47",
    "ssn": "743-81-2643",
    "result": "Invalid"
  },
  {
    "timestamp": "2025-04-06 10:43:10",
    "ssn": "736-22-7130",
    "result": "Invalid"
  },
  {
    "timestamp": "2025-04-06 11:05:15",
    "ssn": "750-15-6971",
    "result": "Invalid"
  },
  {
    "timestamp": "2025-04-06 15:37:20",
    "ssn": "752-09-3887",
    "result": "Invalid"
  },
  {
    "timestamp": "2025-04-06 15:37:46",
    "ssn": "565-93-4330",
    "result": "Valid"
  },
  {
    "timestamp": "2025-04-06 15:48:02",
    "ssn": "730-04-0534",
    "result": "Invalid"
  },
  {
    "timestamp": "2025-04-06 15:48:16",
    "ssn": "565-93-0719",
    "result": "Valid"
  },
  {
    "timestamp": "2025-04-06 16:27:14",
    "ssn": "851-66-5813",
    "result": "Invalid"
  },
  {
    "timestamp": "2025-04-06 16:27:30",
    "ssn": "565-93-4330",
    "result": "Valid"
  },
  {
    "ssn": "823-07-6756",
    "result": "bad",
    "timestamp": "2025-04-06T20:40:53.812339"
  },
  {
    "ssn": "823-30-4180",
    "result": "good",
    "timestamp": "2025-04-06T21:03:57.097711"
  },
  {
    "ssn": "884-99-6365",
    "result": "bad",
    "timestamp": "2025-04-06T21:58:47.046365"
  },
  {
    "ssn": "861-41-5937",
    "result": "bad",
    "timestamp": "2025-04-06T22:23:15.507278"
  },
  {
    "ssn": "786-70-9396",
    "result": "good",
    "timestamp": "2025-04-06T22:31:37.520549"
  },
  {
    "ssn": "738-73-9229",
    "result": "bad",
    "timestamp": "2025-04-06T22:41:28.981391"
  },
  {
    "ssn": "827-69-5067",
    "result": "good",
    "timestamp": "2025-04-06T22:55:49.895141"
  },
  {
    "ssn": "673-05-4817",
    "result": "good",
    "timestamp": "2025-04-06T23:06:02.360013"
  },
  {
    "ssn": "850-26-2975",
    "result": "bad",
    "timestamp": "2025-04-06T23:17:07.449480"
  },
  {
    "ssn": "710-02-5961",
    "result": "bad",
    "timestamp": "2025-04-06T23:23:14.837873"
  },
  {
    "ssn": "843-44-1589",
    "result": "good",
    "timestamp": "2025-04-06T23:32:34.707689"
  },
  {
    "ssn": "839-88-4707",
    "result": "bad",
    "timestamp": "2025-04-06T23:42:16.538192"
  },
  {
    "ssn": "677-67-8658",
    "result": "good",
    "timestamp": "2025-04-06T23:48:40.104685"
  },
  {
    "ssn": "721-89-8856",
    "result": "bad",
    "timestamp": "2025-04-07T00:05:46.692214"
  },
  {
    "ssn": "780-89-3126",
    "result": "bad",
    "timestamp": "2025-04-07T00:11:46.733340"
  },
  {
    "ssn": "877-88-6476",
    "result": "bad",
    "timestamp": "2025-04-07T00:28:38.366277"
  },
  {
    "ssn": "758-78-9568",
    "result": "bad",
    "timestamp": "2025-04-07T00:34:38.433118"
  },
  {
    "ssn": "876-99-0509",
    "result": "good",
    "timestamp": "2025-04-07T00:40:38.461216"
  },
  {
    "ssn": "840-29-1344",
    "result": "good",
    "timestamp": "2025-04-07T01:15:52.096348"
  },
  {
    "ssn": "776-75-2952",
    "result": "bad",
    "timestamp": "2025-04-07T01:26:18.466537"
  },
  {
    "ssn": "709-59-3126",
    "result": "bad",
    "timestamp": "2025-04-07T01:37:07.413724"
  },
  {
    "ssn": "688-71-8774",
    "result": "bad",
    "timestamp": "2025-04-07T09:03:26.945280"
  },
  {
    "ssn": "697-32-6520",
    "result": "good",
    "timestamp": "2025-04-07T09:09:27.980963"
  },
  {
    "ssn": "858-44-2989",
    "result": "good",
    "timestamp": "2025-04-07T11:55:06.559086"
  },
  {
    "ssn": "881-81-5944",
    "result": "bad",
    "timestamp": "2025-04-07T12:56:29.972243"
  },
  {
    "ssn": "881-81-5944",
    "result": "bad",
    "timestamp": "2025-04-07T13:13:21.231670"
  },
  {
    "ssn": "689-17-3212",
    "result": "good",
    "timestamp": "2025-04-07T13:19:22.296374"
  },
  {
    "ssn": "881-81-5944",
    "result": "bad",
    "timestamp": "2025-04-07T13:29:49.187598"
  },
  {
    "ssn": "881-81-5944",
    "result": "bad",
    "timestamp": "2025-04-07T13:41:48.592714"
  },
  {
    "ssn": "881-81-5944",
    "result": "bad",
    "timestamp": "2025-04-07T13:51:58.162821"
  },
  {
    "ssn": "791-88-4772",
    "result": "good",
    "timestamp": "2025-04-10T13:15:20.894494"
  },
  {
    "ssn": "846-03-7112",
    "result": "bad",
    "timestamp": "2025-04-10T13:23:59.297547"
  },
  {
    "ssn": "701-11-7294",
    "result": "bad",
    "timestamp": "2025-04-10T13:30:08.877433"
  },
  {
    "ssn": "787-10-1248",
    "result": "bad",
    "timestamp": "2025-04-10T13:36:09.911141"
  },
  {
    "ssn": "764-32-8759",
    "result": "bad",
    "timestamp": "2025-04-10T13:42:10.963371"
  },
  {
    "ssn": "752-02-4660",
    "result": "good",
    "timestamp": "2025-04-10T13:48:11.995717"
  }
]